{"cameraMode":{"drawMode":0,"name":"Shaded","section":"Shading Mode"},"sceneLighting":true,"audioPlay":false,"sceneViewState":{"showFog":false,"showMaterialUpdate":false,"showSkybox":false,"showFlares":false,"showImageEffects":false,"showParticleSystems":true},"in2DMode":false,"pivot":{"x":4.843550682067871,"y":-1.5103038549423218,"z":-7.53427267074585},"rotation":{"x":-0.45254090428352358,"y":0.36475950479507449,"z":-0.20995217561721803,"w":-0.7861790060997009},"size":36.07682418823242,"orthographic":false}