{"cameraMode":{"drawMode":0,"name":"Shaded","section":"Shading Mode"},"sceneLighting":false,"audioPlay":false,"sceneViewState":{"showFog":false,"showMaterialUpdate":false,"showSkybox":false,"showFlares":false,"showImageEffects":false,"showParticleSystems":true},"in2DMode":false,"pivot":{"x":-0.02931874990463257,"y":-0.016413331031799318,"z":4.260000228881836},"rotation":{"x":-0.45254090428352358,"y":0.36475950479507449,"z":-0.20995217561721803,"w":-0.7861790060997009},"size":3.578751564025879,"orthographic":false}